"Date","Action","Symbol","Description","Quantity","Price","Fees & Comm","Amount"
"01/16/2026","Sell","SHOP","SHOPIFY INC FCLASS CLASS A","50","$155.8091","$0.01","$7790.45"
"01/16/2026","Sell","DASH","DOORDASH INC CLASS A","50","$205.84","$0.01","$10291.99"
"01/16/2026","Buy","IWM","ISHARES RUSSELL 2000 ETF","25","$266.8535","","-$6671.34"
"01/16/2026","Sell","BILI","BILIBILI INC FUNSPONSORED ADR 1 ADR REPS 1 ORD SHS","199","$32.215","$0.04","$6410.75"
"01/16/2026 as of 01/15/2026","Bank Interest","","BANK INT ...526 TD BANK USA NA","","","","$0.69"
"01/15/2026","Buy","SHOP","SHOPIFY INC FCLASS CLASS A","50","$158.669","","-$7933.45"
"01/15/2026","Buy","IWM","ISHARES RUSSELL 2000 ETF","20","$263.7895","","-$5275.79"
"01/15/2026","Buy","MU","MICRON TECHNOLOGY INC","50","$344.68","","-$17234.00"
"01/14/2026","Buy","SHOP","SHOPIFY INC FCLASS CLASS A","50","$157.6172","","-$7880.86"
"01/14/2026","Buy","DASH","DOORDASH INC CLASS A","50","$211.80","","-$10590.00"
"01/14/2026","Buy","BILI","BILIBILI INC FUNSPONSORED ADR 1 ADR REPS 1 ORD SHS","100","$33.3065","","-$3330.65"
"01/14/2026","Buy","DASH","DOORDASH INC CLASS A","50","$211.70","","-$10585.00"
"01/14/2026","Buy","IWM","ISHARES RUSSELL 2000 ETF","25","$261.4558","","-$6536.40"
"01/14/2026","Sell","AMD","ADVANCED MICRO DEVIC","100","$216.14","$0.02","$21613.98"
"01/14/2026","Buy","BABA","ALIBABA GROUP HLDG LTD FSPONSORED ADR 1 ADR REPS 8 ORD SHS","50","$172.7192","","-$8635.96"
"01/14/2026","Qualified Dividend","MU","MICRON TECHNOLOGY INC","","","","$8.74"
"01/13/2026","Sell","QQQ","INVSC QQQ TRUST SRS 1 ETF","20","$624.56","","$12491.20"
"01/13/2026","Sell","DASH","DOORDASH INC CLASS A","34","$210.19","$0.01","$7146.45"
"01/13/2026","Sell","FUTU","FUTU HLDGS LTD FUNSPONSORED ADR 1 ADR REPS 8 ORD SHS","60","$181.50","$0.01","$10889.99"
"01/12/2026","Sell","UNH","UNITEDHEALTH GROUP INC","1","$339.9151","","$339.92"
"01/12/2026","Buy","BILI","BILIBILI INC FUNSPONSORED ADR 1 ADR REPS 1 ORD SHS","100","$31.85","","-$3185.00"
"01/12/2026","Buy","QBTS","D-WAVE QUANTUM INC","100","$28.30","","-$2830.00"
"01/12/2026","Buy","ORCL","ORACLE CORP","30","$205.24","","-$6157.20"
"01/12/2026","Sell","BABA","ALIBABA GROUP HLDG LTD FSPONSORED ADR 1 ADR REPS 8 ORD SHS","20","$166.00","","$3320.00"
"01/09/2026","Sell","CCCX","CHURCHILL CAPITAL FCLASS A","210","$18.8315","$0.03","$3954.59"
"01/09/2026","Buy","TTD","THE TRADE DESK INC CLASS CLASS A","50","$37.249","","-$1862.45"
"01/09/2026","Sell","CCCX","CHURCHILL CAPITAL FCLASS A","200","$19.2475","$0.03","$3849.47"
"01/09/2026","Sell","DASH","DOORDASH INC CLASS A","35","$213.51","$0.01","$7472.84"
"01/09/2026","Buy","AMD","ADVANCED MICRO DEVIC","100","$205.7099","","-$20570.99"
"01/08/2026","Sell","MU","MICRON TECHNOLOGY INC","15","$329.84","","$4947.60"
"01/08/2026","Sell","META","META PLATFORMS INC CLASS A","1","$645.4358","","$645.44"
"01/08/2026","Sell","MU","MICRON TECHNOLOGY INC","20","$334.52","","$6690.40"
"01/07/2026","Sell","FUTU","FUTU HLDGS LTD FUNSPONSORED ADR 1 ADR REPS 8 ORD SHS","70","$178.265","$0.01","$12478.54"
"01/07/2026","Buy","SGOV","ISHARES 0-3 MONTH TREASURY BOND ETF","300","$100.44","","-$30132.00"
"01/06/2026","Buy","QQQ","INVSC QQQ TRUST SRS 1 ETF","20","$623.396","","-$12467.92"
"01/06/2026","Sell","AMD","ADVANCED MICRO DEVIC","20","$211.97","","$4239.40"
"01/06/2026","Sell","AMD","ADVANCED MICRO DEVIC","50","$213.20","$0.01","$10659.99"
"01/05/2026","Sell","AMD","ADVANCED MICRO DEVIC","70","$222.27","$0.01","$15558.89"
"01/05/2026","Sell","MU","MICRON TECHNOLOGY INC","25","$313.53","","$7838.25"
"01/05/2026","Buy","AMD","ADVANCED MICRO DEVIC","40","$226.273","","-$9050.92"
"12/31/2025","Sell","UBER","UBER TECHNOLOGIES INC","91","$81.6687","$0.02","$7431.83"
"12/30/2025","Sell","PDD","PDD HOLDINGS INC ADR FUNSPONSORED ADR 1 ADR REPS 4 ORD SHS","1","$114.19","","$114.19"
"12/30/2025","Sell","FIG","FIGMA INC CLASS A","60","$38.2616","$0.01","$2295.69"
"12/30/2025","Sell","BMNR","BITMINE IMMERSION TECNOL","101","$28.7535","$0.02","$2904.08"
"12/30/2025","Sell","TTD","THE TRADE DESK INC CLASS CLASS A","350","$38.5834","$0.06","$13504.14"
"12/29/2025","Qualified Dividend","BMNR","BITMINE IMMERSION TECNOL","","","","$1.01"
"12/26/2025","Qualified Dividend","NVDA","NVIDIA CORP","","","","$0.50"
"12/23/2025","Qualified Dividend","META","META PLATFORMS INC CLASS A","","","","$0.53"
"12/22/2025","Sell","KKR","KKR & CO INC","100","$131.64","$0.02","$13163.98"
"12/19/2025","Sell","COIN","COINBASE GLOBAL INC CLASS A","100","$240.96","$0.02","$24095.98"
"12/18/2025","Buy","NVDA","NVIDIA CORP","50","$173.664","","-$8683.20"
"12/18/2025","Buy","AMD","ADVANCED MICRO DEVIC","50","$202.4158","","-$10120.79"
"12/18/2025","Buy","AMD","ADVANCED MICRO DEVIC","50","$201.6452","","-$10082.26"
"12/18/2025","Buy","NVDA","NVIDIA CORP","50","$171.63","","-$8581.50"
"12/17/2025","Sell","DASH","DOORDASH INC CLASS A","100","$223.54","$0.02","$22353.98"
"12/16/2025","Sell","KKR","KKR & CO INC","100","$133.30","$0.02","$13329.98"
"12/16/2025","Qualified Dividend","UNH","UNITEDHEALTH GROUP INC","","","","$2.21"
"12/16/2025 as of 12/15/2025","Bank Interest","","BANK INT ...525 TD BANK USA NA","","","","$1.10"
"12/12/2025","Sell","META","META PLATFORMS INC CLASS A","14","$640.661","","$8969.25"
"12/11/2025","Buy","COIN","COINBASE GLOBAL INC CLASS A","100","$266.2692","","-$26626.92"
"12/11/2025","Qualified Dividend","MSFT","MICROSOFT CORP","","","","$0.91"
"12/11/2025","Sell","COIN","COINBASE GLOBAL INC CLASS A","100","$268.22","$0.02","$26821.98"
"12/10/2025","Sell","UBER","UBER TECHNOLOGIES INC","100","$82.85","$0.02","$8284.98"
"12/08/2025","Buy","NVDA","NVIDIA CORP","50","$184.105","","-$9205.25"
"12/05/2025","ADR Mgmt Fee","EDU","NEW ORIENTAL ED & TECH FSPONSORED ADR 1 ADR REPS 10 ORD SHS","","","","-$4.20"
"12/05/2025","Qualified Dividend","EDU","NEW ORIENTAL ED & TECH FSPONSORED ADR 1 ADR REPS 10 ORD SHS","","","","$126.00"
"12/05/2025","Buy","TTD","THE TRADE DESK INC CLASS CLASS A","100","$40.645","","-$4064.50"
"12/02/2025","Qualified Dividend","KKR","KKR & CO INC","","","","$72.15"
"12/01/2025","Sell","META","META PLATFORMS INC CLASS A","15","$638.398","","$9575.97"
"11/26/2025","Buy","FUTU","FUTU HLDGS LTD FUNSPONSORED ADR 1 ADR REPS 8 ORD SHS","30","$172.4909","","-$5174.73"
"11/25/2025","Sell","RGTI","RIGETTI COMPUTING INC","1","$25.2117","","$25.21"
"11/25/2025","Sell","CRWV","COREWEAVE INC CLASS CLASS A","46","$67.16","$0.01","$3089.35"
"11/25/2025","Sell","NVDA","NVIDIA CORP","50","$173.98","$0.01","$8698.99"
"11/24/2025","Sell","OKLO","OKLO INC CLASS A","1","$90.67","","$90.67"
"11/24/2025","Buy","MU","MICRON TECHNOLOGY INC","25","$223.36","","-$5584.00"
"11/21/2025","Buy","FUTU","FUTU HLDGS LTD FUNSPONSORED ADR 1 ADR REPS 8 ORD SHS","40","$162.834","","-$6513.36"
"11/21/2025","Sell","EDU","NEW ORIENTAL ED & TECH FSPONSORED ADR 1 ADR REPS 10 ORD SHS","210","$51.3319","$0.03","$10779.67"
"11/19/2025","Buy","NVDA","NVIDIA CORP","100","$194.1298","","-$19412.98"
"11/19/2025","Buy","COIN","COINBASE GLOBAL INC CLASS A","100","$262.905","","-$26290.50"
"11/18/2025","Sell","MU","MICRON TECHNOLOGY INC","50","$238.0262","$0.01","$11901.30"
"11/17/2025","Buy","MU","MICRON TECHNOLOGY INC","40","$241.535","","-$9661.40"
"11/17/2025","Buy","UBER","UBER TECHNOLOGIES INC","60","$92.01","","-$5520.60"
"11/17/2025","Buy","DASH","DOORDASH INC CLASS A","100","$209.00","","-$20900.00"
"11/17/2025","Sell","BLSH","BULLISH F","1","$36.1829","","$36.18"
"11/17/2025 as of 11/15/2025","Bank Interest","","BANK INT ...525 TD BANK USA NA","","","","$3.46"
"11/14/2025","Buy","FUTU","FUTU HLDGS LTD FUNSPONSORED ADR 1 ADR REPS 8 ORD SHS","30","$173.3896","","-$5201.69"
"11/13/2025","Buy","UBER","UBER TECHNOLOGIES INC","20","$91.72","","-$1834.40"
"11/13/2025","Buy","MU","MICRON TECHNOLOGY INC","10","$231.9555","","-$2319.56"
"11/13/2025","Buy","FUTU","FUTU HLDGS LTD FUNSPONSORED ADR 1 ADR REPS 8 ORD SHS","30","$182.86","","-$5485.80"
"11/13/2025","Buy","META","META PLATFORMS INC CLASS A","5","$615.05","","-$3075.25"
"11/13/2025","Sell","BABA","ALIBABA GROUP HLDG LTD FSPONSORED ADR 1 ADR REPS 8 ORD SHS","120","$159.10","$0.02","$19091.98"
"11/12/2025","Buy","BABA","ALIBABA GROUP HLDG LTD FSPONSORED ADR 1 ADR REPS 8 ORD SHS","20","$157.99","","-$3159.80"
"11/12/2025","Sell","AMD","ADVANCED MICRO DEVIC","80","$254.68","$0.01","$20374.39"
"11/12/2025","Buy","AMD","ADVANCED MICRO DEVIC","80","$250.82","","-$20065.60"
"11/11/2025","Sell","CRWV","COREWEAVE INC CLASS CLASS A","40","$93.9244","$0.01","$3756.97"
"11/10/2025","Buy","DASH","DOORDASH INC CLASS A","70","$206.8579","","-$14480.05"
"11/10/2025","Buy","UBER","UBER TECHNOLOGIES INC","100","$93.54","","-$9354.00"
"11/10/2025","Buy","MU","MICRON TECHNOLOGY INC","20","$246.18","","-$4923.60"
"11/10/2025","Buy","FUTU","FUTU HLDGS LTD FUNSPONSORED ADR 1 ADR REPS 8 ORD SHS","40","$188.294","","-$7531.76"
"11/10/2025","Buy","BABA","ALIBABA GROUP HLDG LTD FSPONSORED ADR 1 ADR REPS 8 ORD SHS","100","$166.28","","-$16628.00"
"11/10/2025","Buy","TTD","THE TRADE DESK INC CLASS CLASS A","100","$44.2071","","-$4420.71"
"11/07/2025","Buy","CCCX","CHURCHILL CAPITAL FCLASS A","100","$17.8879","","-$1788.79"
"11/07/2025","Buy","TTD","THE TRADE DESK INC CLASS CLASS A","50","$42.7059","","-$2135.30"
"11/07/2025","Buy","META","META PLATFORMS INC CLASS A","4","$608.4754","","-$2433.90"
"11/07/2025","Buy","MU","MICRON TECHNOLOGY INC","10","$230.0885","","-$2300.89"
"11/07/2025","Buy","KKR","KKR & CO INC","100","$118.39","","-$11839.00"
"11/06/2025","Buy","MU","MICRON TECHNOLOGY INC","20","$243.9593","","-$4879.19"
"11/06/2025","Sell","BABA","ALIBABA GROUP HLDG LTD FSPONSORED ADR 1 ADR REPS 8 ORD SHS","120","$166.45","$0.02","$19973.98"
"11/06/2025","Sell","FUTU","FUTU HLDGS LTD FUNSPONSORED ADR 1 ADR REPS 8 ORD SHS","25","$185.42","","$4635.50"
"11/05/2025","Sell","HUBS","HUBSPOT INC","50","$413.2068","$0.01","$20660.33"
"11/05/2025","Sell","FUTU","FUTU HLDGS LTD FUNSPONSORED ADR 1 ADR REPS 8 ORD SHS","25","$189.7801","","$4744.50"
"11/05/2025","Buy","CCCX","CHURCHILL CAPITAL FCLASS A","100","$17.815","","-$1781.50"
"11/05/2025","Buy","META","META PLATFORMS INC CLASS A","20","$638.97","","-$12779.40"
"11/05/2025","Buy","FUTU","FUTU HLDGS LTD FUNSPONSORED ADR 1 ADR REPS 8 ORD SHS","50","$181.99","","-$9099.50"
"11/05/2025","Buy","CRWV","COREWEAVE INC CLASS A","20","$113.39","","-$2267.80"
"11/05/2025","Buy","BABA","ALIBABA GROUP HLDG LTD FSPONSORED ADR 1 ADR REPS 8 ORD SHS","20","$159.99","","-$3199.80"
"11/05/2025","Sell","FUTU","FUTU HLDGS LTD FUNSPONSORED ADR 1 ADR REPS 8 ORD SHS","9","$177.88","","$1600.92"
"11/05/2025","Sell","MSFT","MICROSOFT CORP","10","$510.72","","$5107.20"
"11/04/2025","Sell","MSFT","MICROSOFT CORP","15","$510.09","","$7651.35"
"11/04/2025","Buy","BABA","ALIBABA GROUP HLDG LTD FSPONSORED ADR 1 ADR REPS 8 ORD SHS","20","$165.386","","-$3307.72"
"11/04/2025","Sell","MU","MICRON TECHNOLOGY INC","15","$221.191","","$3317.87"
"11/04/2025","Sell","FUTU","FUTU HLDGS LTD FUNSPONSORED ADR 1 ADR REPS 8 ORD SHS","30","$186.00","","$5580.00"
"11/04/2025","Sell","UBER","UBER TECHNOLOGIES INC","90","$91.80","$0.01","$8261.99"
"11/04/2025","Sell","MSFT","MICROSOFT CORP","25","$513.2972","","$12832.43"
"11/04/2025","Sell","INTC","INTEL CORP","3","$38.49","","$115.47"
"11/04/2025","Sell","MU","MICRON TECHNOLOGY INC","15","$225.56","","$3383.40"
"11/03/2025","Sell","FUTU","FUTU HLDGS LTD FUNSPONSORED ADR 1 ADR REPS 8 ORD SHS","40","$194.24","$0.01","$7769.59"
"10/30/2025","Sell","BABA","ALIBABA GROUP HLDG LTD FSPONSORED ADR 1 ADR REPS 8 ORD SHS","60","$173.5187","$0.01","$10411.11"
"10/30/2025","Sell","FUTU","FUTU HLDGS LTD FUNSPONSORED ADR 1 ADR REPS 8 ORD SHS","100","$189.36","$0.02","$18935.98"
"10/28/2025","Buy","MU","MICRON TECHNOLOGY INC","30","$217.90","","-$6537.00"
"10/28/2025","Sell","BABA","ALIBABA GROUP HLDG LTD FSPONSORED ADR 1 ADR REPS 8 ORD SHS","100","$177.826","$0.02","$17782.58"
"10/27/2025","Buy","CCCX","CHURCHILL CAPITAL FCLASS A","100","$21.3517","","-$2135.17"
"10/27/2025","Sell","ORCL","ORACLE CORP","50","$281.56","$0.01","$14077.99"
"10/27/2025","Sell","OKLO","OKLO INC CLASS A","100","$131.8261","$0.02","$13182.59"
"10/24/2025","Sell","RGTI","RIGETTI COMPUTING INC","100","$41.36","$0.02","$4135.98"
"10/24/2025","Buy","FIG","FIGMA INC CLASS A","30","$54.695","","-$1640.85"
"10/23/2025","Buy","UBER","UBER TECHNOLOGIES INC","100","$94.9032","","-$9490.32"
"10/23/2025","Buy","ORCL","ORACLE CORP","50","$281.10","","-$14055.00"
"10/23/2025","Buy","OKLO","OKLO INC CLASS A","100","$125.48","","-$12548.00"
"10/23/2025","Buy","CRWV","COREWEAVE INC CLASS A","20","$123.3526","","-$2467.05"
"10/23/2025","Buy","RGTI","RIGETTI COMPUTING INC","100","$41.25","","-$4125.00"
"10/23/2025","Qualified Dividend","ORCL","ORACLE CORP","","","","$12.50"
"10/22/2025","Sell","TSLA","TESLA INC","20","$434.82","","$8696.40"
"10/22/2025","Buy","CRWV","COREWEAVE INC CLASS A","20","$122.37","","-$2447.40"
"10/22/2025","Buy","BABA","ALIBABA GROUP HLDG LTD FSPONSORED ADR 1 ADR REPS 8 ORD SHS","50","$165.2626","","-$8263.13"
"10/22/2025","Sell","GOOG","ALPHABET INC CLASS C","30","$252.01","","$7560.30"
"10/21/2025","Sell","MSFT","MICROSOFT CORP","50","$517.34","$0.01","$25866.99"
"10/21/2025","Buy","HUBS","HUBSPOT INC","10","$463.08","","-$4630.80"
"10/21/2025","Qualified Dividend","MU","MICRON TECHNOLOGY INC","","","","$2.88"
"10/20/2025","Buy","KKR","KKR & CO INC","50","$119.54","","-$5977.00"
"10/17/2025","Sell","CRWV","COREWEAVE INC CLASS A","25","$140.20","","$3505.00"
"10/17/2025","Sell","HIMS","HIMS & HERS HEALTH INC CLASS A","50","$56.93","$0.01","$2846.49"
"10/16/2025","Buy","CRWV","COREWEAVE INC CLASS A","50","$149.24","","-$7462.00"
"10/16/2025","Sell","AMD","ADVANCED MICRO DEVIC","50","$234.792","$0.01","$11739.59"
"10/16/2025","Sell","HIMS","HIMS & HERS HEALTH INC CLASS A","50","$59.31","$0.01","$2965.49"
"10/16/2025 as of 10/15/2025","Bank Interest","","BANK INT ...525 TD BANK USA NA","","","","$2.78"
"10/15/2025","Buy","CCCX","CHURCHILL CAPITAL FCLASS A","100","$22.3898","","-$2238.98"
"10/15/2025","Sell","OKLO","OKLO INC CLASS A","39","$164.4918","$0.01","$6415.17"
"10/15/2025","Sell","OKLO","OKLO INC CLASS A","50","$170.81","$0.01","$8540.49"
"10/15/2025","Sell","AMD","ADVANCED MICRO DEVIC","50","$233.805","$0.01","$11690.24"
"10/15/2025","Sell","RGTI","RIGETTI COMPUTING INC","100","$54.34","$0.02","$5433.98"
"10/15/2025","Buy","RGTI","RIGETTI COMPUTING INC","50","$57.74","","-$2887.00"
"10/15/2025","Buy","HIMS","HIMS & HERS HEALTH INC CLASS A","30","$55.1317","","-$1653.95"
"10/14/2025","Sell","RGTI","RIGETTI COMPUTING INC","50","$54.46","$0.01","$2722.99"
"10/13/2025","Buy","RGTI","RIGETTI COMPUTING INC","50","$52.95","","-$2647.50"
"10/13/2025","Buy","OKLO","OKLO INC CLASS A","50","$172.28","","-$8614.00"
"10/13/2025","Buy","RGTI","RIGETTI COMPUTING INC","50","$51.20","","-$2560.00"
"10/13/2025","Buy","OKLO","OKLO INC CLASS A","20","$158.2835","","-$3165.67"
"10/13/2025","Buy","BMNR","BITMINE IMMERSION TECNOL","100","$55.98","","-$5598.00"
"10/13/2025","Buy","TTD","THE TRADE DESK INC CLASS CLASS A","100","$52.9476","","-$5294.76"
"10/13/2025","Buy","KKR","KKR & CO INC","20","$120.25","","-$2405.00"
"10/13/2025","Buy","FUTU","FUTU HLDGS LTD FUNSPONSORED ADR 1 ADR REPS 8 ORD SHS","50","$161.994","","-$8099.70"
"10/13/2025","Buy","BABA","ALIBABA GROUP HLDG LTD FSPONSORED ADR 1 ADR REPS 8 ORD SHS","100","$167.309","","-$16730.90"
"10/13/2025","Buy","AMD","ADVANCED MICRO DEVIC","75","$221.98","","-$16648.50"
"10/10/2025","Buy","FUTU","FUTU HLDGS LTD FUNSPONSORED ADR 1 ADR REPS 8 ORD SHS","30","$157.40","","-$4722.00"
"10/10/2025","Buy","TSLA","TESLA INC","10","$418.57","","-$4185.70"
"10/10/2025","Buy","BABA","ALIBABA GROUP HLDG LTD FSPONSORED ADR 1 ADR REPS 8 ORD SHS","10","$158.63","","-$1586.30"
"10/10/2025","Sell","AMD","ADVANCED MICRO DEVIC","25","$219.00","","$5475.00"
"10/10/2025","Sell","META","META PLATFORMS INC CLASS A","15","$711.6714","","$10675.07"
"10/10/2025","Buy","KKR","KKR & CO INC","20","$117.925","","-$2358.50"
"10/10/2025","Buy","BABA","ALIBABA GROUP HLDG LTD FSPONSORED ADR 1 ADR REPS 8 ORD SHS","25","$166.4683","","-$4161.71"
"10/10/2025","Buy","CCCX","CHURCHILL CAPITAL FCLASS A","10","$24.10","","-$241.00"
"10/10/2025","Buy","BABA","ALIBABA GROUP HLDG LTD FSPONSORED ADR 1 ADR REPS 8 ORD SHS","25","$173.96","","-$4349.00"
"10/09/2025","Sell","GOOG","ALPHABET INC CLASS C","30","$240.56","","$7216.80"
"10/09/2025","Sell","CRWV","COREWEAVE INC CLASS A","100","$139.60","$0.02","$13959.98"
"10/09/2025","Sell","AMD","ADVANCED MICRO DEVIC","50","$233.12","$0.01","$11655.99"
"10/09/2025","ADR Mgmt Fee","PDD","PDD HOLDINGS INC ADR FUNSPONSORED ADR 1 ADR REPS 4 ORD SHS","","","","-$0.02"
"10/09/2025","Sell","ORCL","ORACLE CORP","24","$288.8871","","$6933.29"
"10/08/2025","Buy","BABA","ALIBABA GROUP HLDG LTD FSPONSORED ADR 1 ADR REPS 8 ORD SHS","50","$181.0994","","-$9054.97"
"10/08/2025","Buy","CRWV","COREWEAVE INC CLASS A","100","$139.7012","","-$13970.12"
"10/08/2025","Buy","ORCL","ORACLE CORP","10","$287.84","","-$2878.40"
"10/08/2025","Buy","FIG","FIGMA INC CLASS A","30","$68.60","","-$2058.00"
"10/07/2025","Buy","HIMS","HIMS & HERS HEALTH INC CLASS A","20","$56.3396","","-$1126.79"
"10/07/2025","Sell","QBTS","D-WAVE QUANTUM INC","100","$33.93","$0.02","$3392.98"
"10/07/2025","Sell","INTC","INTEL CORP","16","$36.47","","$583.52"
"10/07/2025","Sell","MU","MICRON TECHNOLOGY INC","24","$184.50","","$4428.00"
"10/07/2025","Sell","BABA","ALIBABA GROUP HLDG LTD FSPONSORED ADR 1 ADR REPS 8 ORD SHS","50","$183.74","$0.01","$9186.99"
"10/07/2025","Sell","OKLO","OKLO INC CLASS A","50","$134.80","$0.01","$6739.99"
"10/07/2025","Sell","BMNR","BITMINE IMMERSION TECNOL","49","$59.85","$0.01","$2932.64"
"10/07/2025","Buy","META","META PLATFORMS INC CLASS A","5","$718.55","","-$3592.75"
"10/06/2025","Sell","ORCL","ORACLE CORP","15","$291.9501","","$4379.25"
"10/06/2025","Sell","ORCL","ORACLE CORP","30","$292.21","","$8766.30"
"10/06/2025","Sell","QBTS","D-WAVE QUANTUM INC","100","$32.15","$0.02","$3214.98"
"10/06/2025","Sell","RGTI","RIGETTI COMPUTING INC","9","$38.695","","$348.26"
"10/06/2025","Buy","AMD","ADVANCED MICRO DEVIC","100","$222.2362","","-$22223.62"
"10/06/2025","Buy","META","META PLATFORMS INC CLASS A","10","$712.59","","-$7125.90"
"10/03/2025","Sell","QBTS","D-WAVE QUANTUM INC","200","$31.63","$0.03","$6325.97"
"10/03/2025","Sell","INTC","INTEL CORP","80","$36.8951","$0.01","$2951.60"
"10/03/2025","Sell","CRWV","COREWEAVE INC CLASS A","39","$132.6732","$0.01","$5174.24"
"10/03/2025","Sell","BLSH","BULLISH F","50","$64.8201","$0.01","$3241.00"
"10/03/2025","Buy","KKR","KKR & CO INC","10","$127.34","","-$1273.40"
"10/02/2025","Buy","HIMS","HIMS & HERS HEALTH INC CLASS A","40","$58.0813","","-$2323.25"
"10/02/2025","Buy","BMNR","BITMINE IMMERSION TECNOL","20","$54.8599","","-$1097.20"
"10/02/2025","Buy","MU","MICRON TECHNOLOGY INC","25","$183.91","","-$4597.75"
"10/02/2025","Buy","TSLA","TESLA INC","10","$460.89","","-$4608.90"
"10/01/2025","Buy","BLSH","BULLISH F","50","$61.5297","","-$3076.49"
"10/01/2025","Buy","INTC","INTEL CORP","100","$35.2099","","-$3520.99"
"10/01/2025","Buy","GOOG","ALPHABET INC CLASS C","30","$245.6756","","-$7370.27"
"10/01/2025","Buy","BMNR","BITMINE IMMERSION TECNOL","20","$53.27","","-$1065.40"
"09/30/2025","Sell","QBTS","D-WAVE QUANTUM INC","300","$24.05","$0.05","$7214.95"
"09/30/2025","Sell","BABA","ALIBABA GROUP HLDG LTD FSPONSORED ADR 1 ADR REPS 8 ORD SHS","50","$178.0887","$0.01","$8904.43"
"09/30/2025","Sell","SHOP","SHOPIFY INC FCLASS CLASS A","4","$146.195","","$584.78"
"09/30/2025","Sell","SHOP","SHOPIFY INC FCLASS CLASS A","70","$145.88","$0.01","$10211.59"
"09/30/2025","Buy","CRWV","COREWEAVE INC CLASS A","40","$132.4707","","-$5298.83"
"09/29/2025","Qualified Dividend","META","META PLATFORMS INC CLASS A","","","","$11.03"
"09/29/2025","Buy","OKLO","OKLO INC CLASS A","50","$116.462","","-$5823.10"
"09/25/2025","Buy","SHOP","SHOPIFY INC FCLASS CLASS A","75","$143.2498","","-$10743.74"
"09/25/2025","Buy","ORCL","ORACLE CORP","60","$291.04","","-$17462.40"
"09/25/2025","Sell","UNH","UNITEDHEALTH GROUP INC","49","$349.3425","$0.01","$17117.77"
"09/25/2025","Sell","RGTI","RIGETTI COMPUTING INC","180","$30.13","$0.03","$5423.37"
"09/24/2025","Buy","KKR","KKR & CO INC","20","$138.31","","-$2766.20"
"09/24/2025","Buy","QBTS","D-WAVE QUANTUM INC","500","$28.639","","-$14319.50"
"09/24/2025","Buy","FUTU","FUTU HLDGS LTD FUNSPONSORED ADR 1 ADR REPS 8 ORD SHS","50","$170.188","","-$8509.40"
"09/24/2025","Buy","BABA","ALIBABA GROUP HLDG LTD FSPONSORED ADR 1 ADR REPS 8 ORD SHS","100","$174.3232","","-$17432.32"
"09/23/2025","Sell","AFRM","AFFIRM HLDGS INC CLASS A","100","$86.8951","$0.02","$8689.49"
"09/23/2025","Sell","META","META PLATFORMS INC CLASS A","20","$764.00","","$15280.00"
"09/23/2025","Qualified Dividend","UNH","UNITEDHEALTH GROUP INC","","","","$110.50"
"09/22/2025","Sell","RGTI","RIGETTI COMPUTING INC","110","$26.67","$0.02","$2933.68"
"09/22/2025","Sell","QBTS","D-WAVE QUANTUM INC","200","$24.9438","$0.03","$4988.73"
"09/22/2025","Buy","BLSH","BULLISH F","1","$66.32","","-$66.32"
"09/22/2025","Buy","BMNR","BITMINE IMMERSION TECNOL","10","$61.15","","-$611.50"
"09/19/2025","Buy","OKLO","OKLO INC CLASS A","20","$136.552","","-$2731.04"
"09/19/2025","Sell","RGTI","RIGETTI COMPUTING INC","300","$28.232","$0.05","$8469.54"
"09/19/2025","Buy","RGTI","RIGETTI COMPUTING INC","500","$28.62","","-$14310.00"
"09/19/2025","Buy","FUTU","FUTU HLDGS LTD FUNSPONSORED ADR 1 ADR REPS 8 ORD SHS","50","$177.155","","-$8857.75"
"09/19/2025","Buy","RGTI","RIGETTI COMPUTING INC","100","$26.40","","-$2640.00"
"09/19/2025","Buy","HIMS","HIMS & HERS HEALTH INC CLASS A","10","$58.5713","","-$585.71"
"09/19/2025","Buy","MSFT","MICROSOFT CORP","10","$512.945","","-$5129.45"
"09/18/2025","Sell","QBTS","D-WAVE QUANTUM INC","300","$23.94","$0.05","$7181.95"
"09/18/2025","Buy","KKR","KKR & CO INC","30","$146.55","","-$4396.50"
"09/18/2025","Buy","MSFT","MICROSOFT CORP","5","$512.08","","-$2560.40"
"09/18/2025","Buy","UNH","UNITEDHEALTH GROUP INC","45","$343.70","","-$15466.50"
"09/16/2025","Sell","GOOG","ALPHABET INC CLASS C","100","$250.1386","$0.02","$25013.84"
"09/16/2025","Sell","AFRM","AFFIRM HLDGS INC CLASS A","100","$87.225","$0.02","$8722.48"
"09/16/2025 as of 09/15/2025","Bank Interest","","BANK INT ...525 TD BANK USA NA","","","","$3.12"
"09/15/2025","Qualified Dividend","GOOG","ALPHABET INC CLASS C","","","","$48.30"
"09/15/2025","Sell","UNH","UNITEDHEALTH GROUP INC","45","$348.86","$0.01","$15698.69"
"09/15/2025","Buy","AFRM","AFFIRM HLDGS INC CLASS A","200","$83.9977","","-$16799.55"
"09/12/2025","Buy","BABA","ALIBABA GROUP HLDG LTD FSPONSORED ADR 1 ADR REPS 8 ORD SHS","100","$156.99","","-$15699.00"
"09/11/2025","Qualified Dividend","MSFT","MICROSOFT CORP","","","","$50.63"
"09/11/2025","Sell","GOOG","ALPHABET INC CLASS C","100","$239.9987","$0.02","$23999.85"
"09/10/2025","Sell","TTD","THE TRADE DESK INC CLASS A","250","$46.7201","$0.04","$11679.99"
"09/10/2025","Buy","META","META PLATFORMS INC CLASS A","20","$763.99","","-$15279.80"
"09/09/2025","Buy","UNH","UNITEDHEALTH GROUP INC","50","$348.2916","","-$17414.58"
"09/08/2025","Buy","HUBS","HUBSPOT INC","5","$500.97","","-$2504.85"
"09/05/2025","Buy","MSFT","MICROSOFT CORP","5","$496.89","","-$2484.45"
"09/05/2025","Sell","AMD","ADVANCED MICRO DEVIC","50","$150.71","$0.01","$7535.49"
"09/04/2025","Sell","AMD","ADVANCED MICRO DEVIC","100","$161.61","$0.02","$16160.98"
"09/04/2025","Sell","GOOG","ALPHABET INC CLASS C","70","$227.6584","$0.01","$15936.08"
"09/04/2025","Sell","UBER","UBER TECHNOLOGIES INC","4","$91.5122","","$366.05"
"09/03/2025","Sell","GOOG","ALPHABET INC CLASS C","50","$229.76","$0.01","$11487.99"
"09/02/2025","Buy","AMD","ADVANCED MICRO DEVIC","100","$162.29","","-$16229.00"
"09/02/2025","Buy","QBTS","D-WAVE QUANTUM INC","200","$14.925","","-$2985.00"
"09/02/2025","Sell","UBER","UBER TECHNOLOGIES INC","25","$92.4101","","$2310.25"
"08/29/2025","Sell","UBER","UBER TECHNOLOGIES INC","30","$92.04","","$2761.20"
"08/29/2025","Sell","AMD","ADVANCED MICRO DEVIC","50","$166.2501","$0.01","$8312.50"
"08/29/2025","Sell","AFRM","AFFIRM HLDGS INC CLASS A","50","$92.15","$0.01","$4607.49"
"08/28/2025","Buy","AFRM","AFFIRM HLDGS INC CLASS A","50","$91.1799","","-$4559.00"
"08/28/2025","Sell","UBER","UBER TECHNOLOGIES INC","50","$95.31","$0.01","$4765.49"
"08/28/2025","Sell","EDU","NEW ORIENTAL ED & TECH FSPONSORED ADR 1 ADR REPS 10 ORD SHS","300","$47.134","$0.05","$14140.15"
"08/27/2025","Sell","SOFI","SOFI TECHNOLOGIES INC","250","$24.75","$0.04","$6187.46"
"08/26/2025","Qualified Dividend","KKR","KKR & CO INC","","","","$22.20"
"08/22/2025","Buy","GOOG","ALPHABET INC CLASS C","20","$204.8732","","-$4097.46"
"08/22/2025","Buy","MSFT","MICROSOFT CORP","20","$507.89","","-$10157.80"
"08/22/2025","Buy","TTD","THE TRADE DESK INC CLASS A","500","$53.41","","-$26705.00"
"08/22/2025","Buy","QBTS","D-WAVE QUANTUM INC","200","$15.1081","","-$3021.62"
"08/21/2025","Buy","AMD","ADVANCED MICRO DEVIC","100","$165.90","","-$16590.00"
"08/20/2025","Buy","MSFT","MICROSOFT CORP","10","$505.36","","-$5053.60"
"08/20/2025","Buy","QBTS","D-WAVE QUANTUM INC","100","$14.355","","-$1435.50"
"08/19/2025","Buy","KKR","KKR & CO INC","20","$139.385","","-$2787.70"
"08/18/2025 as of 08/15/2025","Bank Interest","","BANK INT ...525 TD BANK USA NA","","","","$3.46"
"08/13/2025","Sell","QBTS","D-WAVE QUANTUM INC","500","$18.37","$0.08","$9184.92"
"08/12/2025","Buy","MSFT","MICROSOFT CORP","50","$524.1999","","-$26210.00"
"08/08/2025","Sell","TEAM","ATLASSIAN CORP CLASS A","50","$168.62","$0.01","$8430.99"
"08/08/2025","Sell","HUBS","HUBSPOT INC","35","$452.778","$0.01","$15847.22"
"08/08/2025","Sell","TTD","THE TRADE DESK INC CLASS A","150","$59.18","$0.02","$8876.98"
"08/07/2025","Sell","TTD","THE TRADE DESK INC CLASS A","250","$62.7405","$0.04","$15685.09"
"08/07/2025","Sell","PLTR","PALANTIR TECHNOLOGIES INCLASS A","100","$179.99","$0.02","$17998.98"
"08/07/2025","Sell","SOFI","SOFI TECHNOLOGIES INC","200","$21.9745","$0.03","$4394.87"
"08/07/2025","Sell","RGTI","RIGETTI COMPUTING INC","100","$15.645","$0.02","$1564.48"
"08/07/2025","Sell","RGTI","RIGETTI COMPUTING INC","200","$15.5601","$0.03","$3111.99"
"08/04/2025","Buy","KKR","KKR & CO INC","60","$145.9999","","-$8759.99"
"08/04/2025","Buy","PLTR","PALANTIR TECHNOLOGIES INCLASS A","100","$168.40","","-$16840.00"
"08/04/2025","Buy","UBER","UBER TECHNOLOGIES INC","100","$88.455","","-$8845.50"
"08/04/2025","Buy","SOFI","SOFI TECHNOLOGIES INC","200","$21.4152","","-$4283.04"
"08/04/2025","Buy","UBER","UBER TECHNOLOGIES INC","10","$87.70","","-$877.00"
"08/04/2025","Buy","HUBS","HUBSPOT INC","20","$502.93","","-$10058.60"
"08/04/2025","Buy","QBTS","D-WAVE QUANTUM INC","200","$16.96","","-$3392.00"
"08/01/2025","Sell","TTD","THE TRADE DESK INC CLASS A","51","$82.38","$0.01","$4201.37"
"08/01/2025","Sell","UAL","UNITED AIRLINES HLDG","300","$83.498","$0.05","$25049.35"
"07/31/2025","Buy","SOFI","SOFI TECHNOLOGIES INC","250","$22.5999","","-$5649.98"
"07/31/2025","Buy","RGTI","RIGETTI COMPUTING INC","300","$15.02","","-$4506.00"
"07/30/2025","Buy","META","META PLATFORMS INC CLASS A","1","$760.44","","-$760.44"
"07/30/2025","Buy","MSFT","MICROSOFT CORP","1","$550.91","","-$550.91"
"07/30/2025","Buy","KKR","KKR & CO INC","60","$152.39","","-$9143.40"
"07/30/2025","Buy","QBTS","D-WAVE QUANTUM INC","500","$18.355","","-$9177.50"
"07/29/2025","Buy","AMD","ADVANCED MICRO DEVIC","1","$175.60","","-$175.60"
"07/24/2025","Sell","NVDA","NVIDIA CORP","70","$172.2901","$0.01","$12060.30"
"07/16/2025 as of 07/15/2025","Bank Interest","","BANK INT ...525 TD BANK USA NA","","","","$3.29"
"07/15/2025","Buy","NVDA","NVIDIA CORP","70","$170.40","","-$11928.00"
"07/03/2025","Sell","GOOG","ALPHABET INC CLASS C","70","$179.9296","$0.01","$12595.06"
"07/01/2025","Sell","PLTR","PALANTIR TECHNOLOGIES INCLASS A","90","$129.8096","$0.01","$11682.85"
"06/24/2025","Buy","GOOG","ALPHABET INC CLASS C","20","$168.9599","","-$3379.20"
"06/23/2025","Buy","UAL","UNITED AIRLINES HLDG","50","$78.71","","-$3935.50"
"06/16/2025","Qualified Dividend","GOOG","ALPHABET INC CLASS C","","","","$79.80"
"06/16/2025 as of 06/15/2025","Bank Interest","","BANK INT ...525 TD BANK USA NA","","","","$3.78"
"06/13/2025","Buy","UAL","UNITED AIRLINES HLDG","100","$74.42","","-$7442.00"
"06/09/2025","Sell","UAL","UNITED AIRLINES HLDG","150","$83.55","$0.02","$12532.48"
"06/06/2025","Sell","PLTR","PALANTIR TECHNOLOGIES INCLASS A","100","$124.345","$0.02","$12434.48"
"06/06/2025","Sell","COIN","COINBASE GLOBAL INC CLASS A","40","$252.75","$0.01","$10109.99"
"06/06/2025","Sell","PLTR","PALANTIR TECHNOLOGIES INCLASS A","100","$124.30","$0.02","$12429.98"
"06/06/2025","Buy","PLTR","PALANTIR TECHNOLOGIES INCLASS A","200","$123.34","","-$24668.00"
"06/06/2025","Buy","UAL","UNITED AIRLINES HLDG","300","$81.90","","-$24570.00"
"06/04/2025","Buy","TEAM","ATLASSIAN CORP CLASS A","50","$211.40","","-$10570.00"
"05/30/2025","Buy","HUBS","HUBSPOT INC","20","$583.6323","","-$11672.65"
"05/30/2025","Sell","SHOP","SHOPIFY INC FCLASS A","200","$104.89","$0.03","$20977.97"
"05/29/2025","Sell","COIN","COINBASE GLOBAL INC CLASS A","40","$251.82","$0.01","$10072.79"
"05/27/2025","Buy","SHOP","SHOPIFY INC FCLASS A","200","$103.50","","-$20700.00"
"05/22/2025","Buy","GOOG","ALPHABET INC CLASS C","50","$171.02","","-$8551.00"
"05/19/2025","Sell","COIN","COINBASE GLOBAL INC CLASS A","75","$259.00","$0.01","$19424.99"
"05/16/2025 as of 05/15/2025","Bank Interest","","BANK INT ...525 TD BANK USA NA","","","","$2.53"
"05/15/2025","Sell","COIN","COINBASE GLOBAL INC CLASS A","95","$251.0968","$0.02","$23854.18"
"05/13/2025","Sell","TTD","THE TRADE DESK INC CLASS A","50","$78.15","$0.01","$3907.49"
"05/13/2025","Sell","TTD","THE TRADE DESK INC CLASS A","50","$79.14","$0.01","$3956.99"
"05/13/2025","Buy","HUBS","HUBSPOT INC","30","$663.00","","-$19890.00"
"05/13/2025","Sell","MSFT","MICROSOFT CORP","30","$447.0073","$0.37","$13409.85"
"05/12/2025","Buy","COIN","COINBASE GLOBAL INC CLASS A","100","$206.88","","-$20688.00"
"05/06/2025","Sell","MSFT","MICROSOFT CORP","30","$432.6201","$0.36","$12978.24"
"05/06/2025","Sell","PLTR","PALANTIR TECHNOLOGIES INCLASS A","150","$111.6609","$0.49","$16748.65"
"04/24/2025","Buy","TTD","THE TRADE DESK INC CLASS A","50","$51.07","","-$2553.50"
"04/22/2025","Buy","GOOG","ALPHABET INC CLASS C","30","$150.87","","-$4526.10"
"04/22/2025","Buy","MSFT","MICROSOFT CORP","10","$362.27","","-$3622.70"
"04/16/2025 as of 04/15/2025","Bank Interest","","BANK INT ...525 TD BANK USA NA","","","","$4.43"
"04/14/2025","Buy","PLTR","PALANTIR TECHNOLOGIES INCLASS A","240","$90.65","","-$21756.00"
"04/09/2025","Buy","TTD","THE TRADE DESK INC CLASS A","200","$54.0296","","-$10805.92"
"04/09/2025","Buy","MSFT","MICROSOFT CORP","50","$386.2258","","-$19311.29"
"04/07/2025","Buy","GOOG","ALPHABET INC CLASS C","50","$148.34","","-$7417.00"
"04/07/2025","Sell","FUTU","FUTU HLDGS LTD FUNSPONSORED ADR 1 ADR REPS 8 ORD SHS","10","$76.27","$0.02","$762.68"
"04/07/2025","Sell","COIN","COINBASE GLOBAL INC CLASS A","80","$141.0056","$0.32","$11280.13"
"04/04/2025","Sell","PDD","PDD HOLDINGS INC ADR FUNSPONSORED ADR 1 ADR REPS 4 ORD SHS","4","$102.7367","$0.01","$410.94"
"04/04/2025","Sell","PLTR","PALANTIR TECHNOLOGIES INCLASS A","10","$79.14","$0.02","$791.38"
"04/04/2025","Sell","META","META PLATFORMS INC CLASS A","1","$504.01","$0.01","$504.00"
"03/26/2025","Qualified Dividend","META","META PLATFORMS INC CLASS A","","","","$0.53"
"03/24/2025","Buy","TTD","THE TRADE DESK INC CLASS A","100","$58.80","","-$5880.00"
"03/17/2025","Buy","TTD","THE TRADE DESK INC CLASS A","100","$56.45","","-$5645.00"
"03/17/2025","Sell","AFRM","AFFIRM HLDGS INC CLASS A","400","$47.0501","$0.59","$18819.45"
"03/17/2025","Qualified Dividend","GOOG","ALPHABET INC CLASS C","","","","$50.00"
"03/17/2025 as of 03/15/2025","Bank Interest","","BANK INT ...525 TD BANK USA NA","","","","$3.60"
"03/10/2025","Buy","COIN","COINBASE GLOBAL INC CLASS A","30","$182.768","","-$5483.04"
"03/10/2025","Buy","AFRM","AFFIRM HLDGS INC CLASS A","100","$44.785","","-$4478.50"
"03/07/2025","Buy","AFRM","AFFIRM HLDGS INC CLASS A","100","$50.47","","-$5047.00"
"03/07/2025","Journal","","JOURNAL FRM ...196","","","","$40000.00"
"03/05/2025","Buy","AFRM","AFFIRM HLDGS INC CLASS A","200","$58.7175","","-$11743.50"
"03/04/2025","Sell","META","META PLATFORMS INC CLASS A","25","$628.12","$0.44","$15702.56"
"02/26/2025","Buy","META","META PLATFORMS INC CLASS A","25","$674.00","","-$16850.00"
"02/26/2025","Buy","TTD","THE TRADE DESK INC CLASS A","50","$75.49","","-$3774.50"
"02/25/2025","Buy","COIN","COINBASE GLOBAL INC CLASS A","25","$210.70","","-$5267.50"
"02/24/2025","Buy","GOOG","ALPHABET INC CLASS C","50","$182.155","","-$9107.75"
"02/24/2025","Sell","META","META PLATFORMS INC CLASS A","24","$668.7605","$0.45","$16049.80"
"02/24/2025","Sell","AFRM","AFFIRM HLDGS INC CLASS A","300","$65.48","$0.60","$19643.40"
"02/24/2025","Sell","AFRM","AFFIRM HLDGS INC CLASS A","300","$65.50","$0.60","$19649.40"
"02/21/2025","Buy","COIN","COINBASE GLOBAL INC CLASS A","25","$235.80","","-$5895.00"
"02/21/2025","Buy","AFRM","AFFIRM HLDGS INC CLASS A","100","$68.61","","-$6861.00"
"02/21/2025","Sell","HIMS","HIMS & HERS HEALTH INC CLASS A","100","$53.0375","$0.17","$5303.58"
"02/21/2025","Qualified Dividend","COST","COSTCO WHSL CORP NEW","","","","$23.20"
"02/20/2025","Buy","AFRM","AFFIRM HLDGS INC CLASS A","200","$74.00","","-$14800.00"
"02/20/2025","Sell","COST","COSTCO WHSL CORP NEW","20","$1041.00","$0.58","$20819.42"
"02/20/2025","Buy","COIN","COINBASE GLOBAL INC CLASS A","150","$253.50","","-$38025.00"
"02/20/2025","Buy","META","META PLATFORMS INC CLASS A","25","$699.99","","-$17499.75"
"02/20/2025","Buy","GOOG","ALPHABET INC CLASS C","50","$185.5089","","-$9275.45"
"02/19/2025","Buy","HIMS","HIMS & HERS HEALTH INC CLASS A","100","$70.00","","-$7000.00"
"02/19/2025","Buy","GOOG","ALPHABET INC CLASS C","50","$186.6899","","-$9334.50"
"02/18/2025 as of 02/15/2025","Bank Interest","","BANK INT ...525 TD BANK USA NA","","","","$4.07"
"02/12/2025","Sell","AFRM","AFFIRM HLDGS INC CLASS A","500","$75.60","$1.13","$37798.87"
"02/12/2025","Sell","NVDA","NVIDIA CORP","200","$130.96","$0.76","$26191.24"
"02/11/2025","ADR Mgmt Fee","EDU","NEW ORIENTAL ED & TECH FSPONSORED ADR 1 ADR REPS 10 ORD SHS","","","","-$8.19"
"02/05/2025","Buy","COST","COSTCO WHSL CORP NEW","20","$1040.4352","","-$20808.70"
"02/03/2025","Buy","NVDA","NVIDIA CORP","50","$116.46","","-$5823.00"
"02/03/2025","Sell","PDD","PDD HOLDINGS INC FUNSPONSORED ADR 1 ADR REPS 4 ORD SHS","200","$105.055","$0.61","$21010.39"
"01/31/2025","Sell","SOFI","SOFI TECHNOLOGIES INC","600","$15.635","$0.36","$9380.64"
"01/30/2025","Buy","GOOG","ALPHABET INC CLASS C","100","$199.99","","-$19999.00"
"01/28/2025","Buy","SOFI","SOFI TECHNOLOGIES INC","600","$16.12","","-$9672.00"
"01/27/2025","Buy","PDD","PDD HOLDINGS INC FUNSPONSORED ADR 1 ADR REPS 4 ORD SHS","100","$109.7499","","-$10974.99"
"01/21/2025","Buy","PDD","PDD HOLDINGS INC FUNSPONSORED ADR 1 ADR REPS 4 ORD SHS","100","$108.2925","","-$10829.25"
"01/16/2025 as of 01/15/2025","Bank Interest","","BANK INT ...525 TD BANK USA NA","","","","$3.67"
"01/14/2025","Buy","NVDA","NVIDIA CORP","100","$136.299","","-$13629.90"
"01/14/2025","Buy","AFRM","AFFIRM HLDGS INC CLASS A","500","$56.2999","","-$28149.95"
"01/13/2025","Sell","AFRM","AFFIRM HLDGS INC CLASS A","200","$53.50","$0.33","$10699.67"
"01/10/2025","Special Qual Div","FUTU","FUTU HLDGS LTD FUNSPONSORED ADR 1 ADR REPS 8 ORD SHS","","","","$1220.00"
"01/10/2025","ADR Mgmt Fee","FUTU","FUTU HLDGS LTD FUNSPONSORED ADR 1 ADR REPS 8 ORD SHS","","","","-$30.50"
"01/10/2025","Sell","AFRM","AFFIRM HLDGS INC CLASS A","500","$56.28","$0.86","$28139.14"
"01/10/2025","Sell","ROKU","ROKU INC CLASS A","200","$79.2076","$0.47","$15841.05"
"01/10/2025","ADR Mgmt Fee","PDD","PDD HOLDINGS INC FUNSPONSORED ADR 1 ADR REPS 4 ORD SHS","","","","-$0.10"
"01/08/2025","Sell","PLTR","PALANTIR TECHNOLOGIES INCLASS A","150","$67.48","$0.30","$10121.70"
"01/07/2025","Buy","EDU","NEW ORIENTAL ED & TECH FSPONSORED ADR 1 ADR REPS 10 ORD SHS","100","$64.195","","-$6419.50"
"01/03/2025","Buy","TTD","THE TRADE DESK INC CLASS A","100","$120.3761","","-$12037.61"
"12/30/2024","Sell","BRZE","BRAZE INC CLASS A","100","$41.54","$0.14","$4153.86"
"12/30/2024","Sell","FUTU","FUTU HLDGS LTD FUNSPONSORED ADR 1 ADR REPS 8 ORD SHS","600","$79.9637","$1.43","$47976.79"
"12/27/2024","Qualified Dividend","NVDA","NVIDIA CORP","","","","$0.50"
"12/18/2024","Sell","SOFI","SOFI TECHNOLOGIES INC","500","$15.24","$0.29","$7619.71"
"12/18/2024","Sell","UAL","UNITED AIRLINES HLDGS","300","$91.292","$0.81","$27386.79"
"12/16/2024 as of 12/15/2024","Bank Interest","","BANK INT ...524 TD BANK USA NA","","","","$2.52"
"12/10/2024","Sell","PDD","PDD HOLDINGS INC FUNSPONSORED ADR 1 ADR REPS 4 ORD SHS","200","$104.71","$0.61","$20941.39"
"12/09/2024","Buy","PDD","PDD HOLDINGS INC FUNSPONSORED ADR 1 ADR REPS 4 ORD SHS","200","$107.40","","-$21480.00"
"12/02/2024","Sell","GOOG","ALPHABET INC CLASS C","10","$170.8901","$0.05","$1708.85"
"11/20/2024","Buy","UAL","UNITED AIRLINES HLDGS","300","$93.54","","-$28062.00"
"11/19/2024","Buy","FUTU","FUTU HLDGS LTD FUNSPONSORED ADR 1 ADR REPS 8 ORD SHS","200","$92.9975","","-$18599.50"
"11/18/2024","Sell","PLTR","PALANTIR TECHNOLOGIES INCLASS A","50","$60.43","$0.09","$3021.41"
"11/18/2024 as of 11/15/2024","Bank Interest","","BANK INT ...524 TD BANK USA NA","","","","$13.92"
"11/12/2024","Sell","AFRM","AFFIRM HLDGS INC CLASS A","300","$55.77","$0.52","$16730.48"
"11/11/2024","Buy","FUTU","FUTU HLDGS LTD FUNSPONSORED ADR 1 ADR REPS 8 ORD SHS","100","$98.24","","-$9824.00"
"11/07/2024","Sell","KVYO","KLAVIYO INC","200","$33.185","$0.21","$6636.79"
"11/06/2024","Buy","FUTU","FUTU HLDGS LTD FUNSPONSORED ADR 1 ADR REPS 8 ORD SHS","100","$96.23","","-$9623.00"
"11/06/2024","Buy","SOFI","SOFI TECHNOLOGIES INC","500","$11.87","","-$5935.00"
"11/06/2024","Sell","COIN","COINBASE GLOBAL INC CLASS A","100","$248.28","$0.71","$24827.29"
"11/06/2024","Buy","KVYO","KLAVIYO INC","200","$39.6342","","-$7926.84"
"11/05/2024","Sell","PLTR","PALANTIR TECHNOLOGIES INCLASS A","200","$50.8356","$0.31","$10166.81"
"11/04/2024","Buy","PLTR","PALANTIR TECHNOLOGIES INCLASS A","200","$46.64","","-$9328.00"
"11/01/2024","Buy","COIN","COINBASE GLOBAL INC CLASS A","100","$185.00","","-$18500.00"
"11/01/2024","Buy","ROKU","ROKU INC CLASS A","200","$64.0488","","-$12809.76"
"10/28/2024","Buy","EDU","NEW ORIENTAL ED & TECH FSPONSORED ADR 1 ADR REPS 10 ORD SHS","400","$64.1799","","-$25671.96"
"10/28/2024","Buy","AFRM","AFFIRM HLDGS INC CLASS A","300","$43.09","","-$12927.00"
"10/23/2024","Sell","NFLX","NETFLIX INC","25","$750.145","$0.52","$18753.11"
"10/22/2024","Buy","FUTU","FUTU HLDGS LTD FUNSPONSORED ADR 1 ADR REPS 8 ORD SHS","200","$94.00","","-$18800.00"
"10/17/2024","Buy","NFLX","NETFLIX INC","25","$721.00","","-$18025.00"
"10/16/2024 as of 10/15/2024","Bank Interest","","BANK INT ...524 TD BANK USA NA","","","","$7.36"
"10/15/2024","Sell","FUTU","FUTU HLDGS LTD FUNSPONSORED ADR 1 ADR REPS 8 ORD SHS","240","$97.3171","$0.69","$23355.41"
"10/15/2024","Sell","AMD","ADVANCED MICRO DEVICE IN","100","$157.00","$0.46","$15699.54"
"10/08/2024","Sell","FUTU","FUTU HLDGS LTD FUNSPONSORED ADR 1 ADR REPS 8 ORD SHS","100","$102.826","$0.31","$10282.29"
"10/08/2024","Sell","PDD","PDD HOLDINGS INC FUNSPONSORED ADR 1 ADR REPS 4 ORD SHS","40","$139.4875","$0.17","$5579.33"
"10/07/2024","Sell","COIN","COINBASE GLOBAL INC CLASS A","200","$167.56","$0.96","$33511.04"
"10/07/2024","Sell","FUTU","FUTU HLDGS LTD FUNSPONSORED ADR 1 ADR REPS 8 ORD SHS","100","$127.002","$0.37","$12699.83"
"10/03/2024","Buy","COIN","COINBASE GLOBAL INC CLASS A","100","$163.1599","","-$16315.99"
"10/03/2024","Sell","EDU","NEW ORIENTAL ED & TECH FSPONSORED ADR 1 ADR REPS 10 ORD SHS","400","$75.078","$0.90","$30030.30"
"10/03/2024","Qualified Dividend","NVDA","NVIDIA CORP","","","","$1.50"
"10/02/2024","Buy","COIN","COINBASE GLOBAL INC CLASS A","100","$166.702","","-$16670.20"
"09/27/2024","Sell","NVDA","NVIDIA CORP","100","$120.441","$0.35","$12043.75"
"09/26/2024","Special Qual Div","EDU","NEW ORIENTAL ED & TECH FSPONSORED ADR 1 ADR REPS 10 ORD SHS","","","","$186.00"
"09/26/2024","ADR Mgmt Fee","EDU","NEW ORIENTAL ED & TECH FSPONSORED ADR 1 ADR REPS 10 ORD SHS","","","","-$6.20"
"09/26/2024","Buy","EDU","NEW ORIENTAL ED & TECH FSPONSORED ADR 1 ADR REPS 10 ORD SHS","100","$69.13","","-$6913.00"
"09/24/2024","Sell","GOOG","ALPHABET INC CLASS C","190","$163.736","$0.89","$31108.95"
"09/18/2024","Buy","PLTR","PALANTIR TECHNOLOGIES INCLASS A","100","$36.435","","-$3643.50"
"09/16/2024","Qualified Dividend","GOOG","ALPHABET INC CLASS C","","","","$30.00"
"09/16/2024 as of 09/15/2024","Bank Interest","","BANK INT ...524 TD BANK USA NA","","","","$8.60"
"09/12/2024","Buy","AMD","ADVANCED MICRO DEVICE IN","50","$150.22","","-$7511.00"
"09/09/2024","Buy","GOOG","ALPHABET INC CLASS C","50","$154.2491","","-$7712.46"
"08/30/2024","Buy","NVDA","NVIDIA CORP","50","$120.6294","","-$6031.47"
"08/28/2024","Sell","PDD","PDD HOLDINGS INC FUNSPONSORED ADR 1 ADR REPS 4 ORD SHS","60","$89.225","$0.16","$5353.34"
"08/26/2024","Sell","PDD","PDD HOLDINGS INC FUNSPONSORED ADR 1 ADR REPS 4 ORD SHS","100","$112.9383","$0.33","$11293.50"
"08/23/2024","Buy","AMD","ADVANCED MICRO DEVICE IN","50","$155.7999","","-$7790.00"
"08/23/2024","Buy","AFRM","AFFIRM HLDGS INC CLASS A","500","$31.13","","-$15565.00"
"08/20/2024","Buy","GOOG","ALPHABET INC. CLASS C","100","$169.9599","","-$16995.99"
"08/19/2024","Sell","TTD","THE TRADE DESK INC CLASS A","150","$101.765","$0.44","$15264.31"
"08/19/2024","Sell","NVDA","NVIDIA CORP","100","$123.97","$0.36","$12396.64"
"08/19/2024","Sell","NVDA","NVIDIA CORP","200","$123.93","$0.72","$24785.28"
"08/16/2024 as of 08/15/2024","Bank Interest","","BANK INT ...524 TD BANK USA NA","","","","$12.85"
"08/15/2024","Buy","NVDA","NVIDIA CORP","200","$122.0699","","-$24413.98"
"08/15/2024","Buy","AFRM","AFFIRM HLDGS INC CLASS A","300","$28.20","","-$8460.00"
"08/15/2024","Sell","SNOW","SNOWFLAKE INC CLASS A","100","$127.956","$0.38","$12795.22"
"08/14/2024","Sell","GOOG","ALPHABET INC. CLASS C","100","$159.955","$0.46","$15995.04"
"08/06/2024","Buy","NVDA","NVIDIA CORP","200","$105.5331","","-$21106.62"
"08/06/2024","Buy","TTD","THE TRADE DESK INC CLASS A","150","$84.87","","-$12730.50"
"08/06/2024","Buy","EDU","NEW ORIENTAL EDUCATION FSPONSORED ADR 1 ADR REPS 10 ORD SHS","150","$70.95","","-$10642.50"
"08/06/2024","Buy","GOOG","ALPHABET INC. CLASS C","150","$162.01","","-$24301.50"
"08/05/2024","Sell","AAPL","APPLE INC","20","$205.00","$0.11","$4099.89"
"08/05/2024","Sell","PLTR","PALANTIR TECHNOLOGIES INCLASS A","200","$21.8168","$0.15","$4363.21"
"08/02/2024","Sell","META","META PLATFORMS INC CLASS A","20","$488.0778","$0.27","$9761.29"
"08/02/2024","Sell","COIN","COINBASE GLOBAL INC CLASS A","25","$214.425","$0.15","$5360.48"
"08/02/2024","Sell","BABA","ALIBABA GROUP HLDG LTD FSPONSORED ADR 1 ADR REPS 8 ORD SHS","100","$76.6901","$0.23","$7668.78"
"07/29/2024","Buy","PLTR","PALANTIR TECHNOLOGIES INCLASS A","300","$27.73","","-$8319.00"
"07/24/2024","Sell","META","META PLATFORMS INC CLASS A","20","$467.785","$0.26","$9355.44"
"07/24/2024","Sell","AAPL","APPLE INC","25","$218.7181","$0.15","$5467.80"
"07/16/2024 as of 07/15/2024","Bank Interest","","BANK INT ...524 TD BANK USA NA","","","","$21.01"
"07/15/2024","Buy","AAPL","APPLE INC","45","$235.8892","","-$10615.01"
"07/12/2024","Buy","COIN","COINBASE GLOBAL INC CLASS A","25","$220.9826","","-$5524.57"
"07/12/2024","Buy","META","META PLATFORMS INC CLASS A","10","$502.17","","-$5021.70"
"07/12/2024","ADR Mgmt Fee","BABA","ALIBABA GROUP HLDG LTD FSPONSORED ADR 1 ADR REPS 8 ORD SHS","","","","-$2.00"
"07/12/2024","Qualified Dividend","BABA","ALIBABA GROUP HLDG LTD FSPONSORED ADR 1 ADR REPS 8 ORD SHS","","","","$100.00"
"07/12/2024","Special Qual Div","BABA","ALIBABA GROUP HLDG LTD FSPONSORED ADR 1 ADR REPS 8 ORD SHS","","","","$66.00"
"06/26/2024","Qualified Dividend","META","META PLATFORMS INC CLASS A","","","","$15.00"
"06/17/2024 as of 06/15/2024","Bank Interest","","BANK INT ...524 TD BANK USA NA","","","","$25.23"
"06/13/2024","Buy","SNOW","SNOWFLAKE INC CLASS A","50","$127.505","","-$6375.25"
"06/13/2024","Buy","EDU","NEW ORIENTAL EDUCATION FSPONSORED ADR 1 ADR REPS 10 ORD SHS","50","$77.48","","-$3874.00"
"06/13/2024","Buy","EDU","NEW ORIENTAL EDUCATION FSPONSORED ADR 1 ADR REPS 10 ORD SHS","60","$77.5167","","-$4651.00"
"05/30/2024","Sell","GOOG","ALPHABET INC. CLASS C","50","$175.595","$0.25","$8779.50"
"05/20/2024","Sell","DASH","DOORDASH INC CLASS A","100","$112.6825","$0.11","$11268.14"
"05/17/2024","Buy","GOOG","ALPHABET INC. CLASS C","50","$177.22","","-$8861.00"
"05/16/2024 as of 05/15/2024","Bank Interest","","BANK INT ...524 TD BANK USA NA","","","","$12.90"
"05/09/2024","ADR Mgmt Fee","BABA","ALIBABA GROUP HLDG LTD FSPONSORED ADR 1 ADR REPS 8 ORD SHS","","","","-$2.00"
"05/06/2024","Sell","IWM","ISHARES RUSSELL 2000 ETF","110","$204.6622","$0.20","$22512.64"
"05/03/2024","Sell","FUTU","FUTU HOLDINGS LIMITED FUNSPONSORED ADR 1 ADR REPS 8 ORD SHS","100","$71.6066","$0.08","$7160.58"
"05/03/2024","Buy","EDU","NEW ORIENTAL EDUCATION FSPONSORED ADR 1 ADR REPS 10 ORD SHS","50","$84.785","","-$4239.25"
"05/03/2024","Sell","XLV","SELECT SECTOR HEALTH CARE SPDR ETF","50","$140.975","$0.07","$7048.68"
"05/03/2024","Buy","META","META PLATFORMS INC CLASS A","30","$450.4503","","-$13513.51"
"04/26/2024","Buy","AFRM","AFFIRM HLDGS INC CLASS A","100","$33.288","","-$3328.80"
"04/25/2024","Sell","MSFT","MICROSOFT CORP","80","$391.417","$0.26","$31313.10"
"04/16/2024 as of 04/15/2024","Bank Interest","","BANK INT ...524 TD BANK USA NA","","","","$8.30"
"04/11/2024","Buy","SNOW","SNOWFLAKE INC CLASS A","50","$159.2273","","-$7961.37"
"04/09/2024","ADR Mgmt Fee","FUTU","FUTU HOLDINGS LIMITED FUNSPONSORED ADR 1 ADR REPS 8 ORD SHS","","","","-$10.57"
"03/27/2024","Cash Dividend","IWM","ISHARES RUSSELL 2000 ETF","","","","$57.43"
"03/21/2024","Cash Dividend","XLV","SELECT SECTOR HEALTH CARE SPDR ETF","","","","$26.15"
"03/18/2024 as of 03/15/2024","Bank Interest","","BANK INT ...524 TD BANK USA NA","","","","$3.50"
"03/14/2024","Qualified Dividend","MSFT","MICROSOFT CORP","","","","$60.00"
"03/13/2024","Buy","AFRM","AFFIRM HLDGS INC CLASS A","100","$39.2084","","-$3920.84"
"03/11/2024","Sell","DASH","DOORDASH INC CLASS A","100","$128.345","$0.12","$12834.38"
"02/27/2024","Buy","IWM","ISHARES RUSSELL 2000 ETF","50","$203.5564","","-$10177.82"
"02/27/2024","Sell","GBIL","GOLDMAN SACHS ACCES TREAS 0 1 YR ETF","200","$100.076","$0.19","$20015.01"
"02/16/2024 as of 02/15/2024","Bank Interest","","BANK INT ...524 TD BANK USA NA","","","","$4.26"
"02/12/2024","Buy","GBIL","GOLDMAN SACHS ACCES TREAS 0 1 YR ETF","200","$99.8999","","-$19979.98"
"02/12/2024","Sell","PDD","PDD HOLDINGS INC FUNSPONSORED ADR 1 ADR REPS 4 ORD SHS","55","$132.4618","$0.07","$7285.33"
"02/12/2024","Buy","FUTU","FUTU HOLDINGS LIMITED FUNSPONSORED ADR 1 ADR REPS 8 ORD SHS","100","$49.714","","-$4971.40"
"02/09/2024","Sell","XLE","ENERGY SELECT SECTOR SPDR ETF","120","$83.245","$0.10","$9989.30"
"02/09/2024","ADR Mgmt Fee","PDD","PDD HOLDINGS INC FUNSPONSORED ADR 1 ADR REPS 4 ORD SHS","","","","-$5.20"
"01/25/2024","Sell","TSLA","TESLA INC","40","$189.15","$0.07","$7565.93"
"01/24/2024","Buy","FUTU","FUTU HOLDINGS LIMITED FUNSPONSORED ADR 1 ADR REPS 8 ORD SHS","100","$48.9667","","-$4896.67"
"01/24/2024","Sell","SNOW","SNOWFLAKE INC CLASS A","1","$208.0014","","$208.00"
"01/23/2024","Buy","BABA","ALIBABA GROUP HLDG LTD FSPONSORED ADR 1 ADR REPS 8 ORD SHS","100","$74.055","","-$7405.50"
"01/16/2024 as of 01/15/2024","Bank Interest","","BANK INT ...524 TD BANK USA NA","","","","$8.02"
"01/03/2024","Buy","XLE","ENERGY SELECT SECTOR SPDR ETF","120","$85.4266","","-$10251.19"
"01/02/2024","Sell","AFRM","AFFIRM HLDGS INC CLASS A","1","$47.48","","$47.48"
"12/26/2023","Buy","IWM","ISHARES RUSSELL 2000 ETF","50","$204.25","","-$10212.50"
"12/22/2023","Buy","IWM","ISHARES RUSSELL 2000 ETF","10","$202.3099","","-$2023.10"
"12/21/2023","Cash Dividend","XLV","SELECT SECTOR HEALTH CARE SPDR ETF","","","","$59.77"
"12/20/2023","Sell","UBER","UBER TECHNOLOGIES INC","100","$60.675","$0.06","$6067.44"
"12/20/2023","Sell","UBER","UBER TECHNOLOGIES INC","100","$60.909","$0.06","$6090.84"
"12/20/2023","Sell","XLV","SELECT SECTOR HEALTH CARE SPDR ETF","50","$133.2441","$0.06","$6662.15"
"12/19/2023","Sell","GBIL","GOLDMAN SACHS ACCES TREAS 0 1 YR ETF","100","$100.015","$0.09","$10001.41"
"12/18/2023","Buy","FUTU","FUTU HOLDINGS LIMITED FUNSPONSORED ADR 1 ADR REPS 8 ORD SHS","100","$51.3927","","-$5139.27"
"12/18/2023","Sell","GBIL","GOLDMAN SACHS ACCES TREAS 0 1 YR ETF","100","$100.0003","$0.09","$9999.94"
"12/18/2023 as of 12/15/2023","Bank Interest","","BANK INT ...523 TD BANK USA NA","","","","$10.33"
"12/15/2023","Buy","XLV","SELECT SECTOR HEALTH CARE SPDR ETF","100","$134.00","","-$13400.00"
"12/14/2023","Qualified Dividend","MSFT","MICROSOFT CORP","","","","$18.75"
"12/14/2023","Sell","SNOW","SNOWFLAKE INC CLASS A","65","$197.4068","$0.11","$12831.33"
"12/14/2023","Sell","UBER","UBER TECHNOLOGIES INC","50","$61.895","$0.03","$3094.72"
"12/11/2023","Buy","DASH","DOORDASH INC CLASS A","200","$103.59","","-$20718.00"
"12/08/2023","Buy","FUTU","FUTU HOLDINGS LIMITED FUNSPONSORED ADR 1 ADR REPS 8 ORD SHS","100","$52.073","","-$5207.30"
"12/07/2023","Cash Dividend","GBIL","GOLDMAN SACHS ACCES TREAS 0 1 YR ETF","","","","$91.07"
"12/06/2023","Buy","TSLA","TESLA INC","40","$242.8622","","-$9714.49"
"12/06/2023","Buy","BRZE","BRAZE INC CLASS A","100","$57.2522","","-$5725.22"
"12/05/2023","Sell","AFRM","AFFIRM HLDGS INC CLASS A","19","$37.32","$0.01","$709.07"
"12/05/2023","Sell","TTD","THE TRADE DESK INC CLASS A","4","$68.75","","$275.00"
"12/01/2023","Sell","TTD","THE TRADE DESK INC CLASS A","150","$71.6769","$0.11","$10751.43"
"12/01/2023","Buy","FUTU","FUTU HOLDINGS LIMITED FUNSPONSORED ADR 1 ADR REPS 8 ORD SHS","150","$54.7218","","-$8208.27"
"12/01/2023","Sell","AFRM","AFFIRM HLDGS INC CLASS A","500","$36.1301","$0.21","$18064.84"
"11/29/2023","Sell","ARKG","ARK GENOMIC REVOLUTION ETF","60","$28.13","$0.02","$1687.78"
"11/28/2023","Sell","ARKG","ARK GENOMIC REVOLUTION ETF","60","$27.98","$0.02","$1678.78"
"11/28/2023","Buy","MSFT","MICROSOFT CORP","30","$381.804","","-$11454.12"
"11/28/2023","Buy","GBIL","GOLDMAN SACHS ACCES TREAS 0 1 YR ETF","200","$100.1378","","-$20027.56"
"11/27/2023","Sell","UAL","UNITED AIRLINES HLDGS","150","$39.26","$0.07","$5888.93"
"11/27/2023","Sell","UBER","UBER TECHNOLOGIES INC","100","$56.1832","$0.05","$5618.27"
"11/27/2023","Sell","TTD","THE TRADE DESK INC CLASS A","160","$69.3784","$0.11","$11100.43"
"11/21/2023","Buy","MSFT","MICROSOFT CORP","25","$372.505","","-$9312.63"
"11/16/2023 as of 11/15/2023","Bank Interest","","BANK INT ...523 TD BANK USA NA","","","","$6.42"
"11/14/2023","Buy","UAL","UNITED AIRLINES HLDGS","150","$39.25","","-$5887.50"
"11/10/2023","Sell","WISH","CONTEXTLOGIC INC CLASS A","192","$4.9506","$0.04","$950.47"
"11/10/2023","Buy","TTD","THE TRADE DESK INC CLASS A","70","$65.2126","","-$4564.88"
"11/10/2023","Buy","MSFT","MICROSOFT CORP","25","$369.295","","-$9232.38"
"11/06/2023","Journaled Shares","","TDA TRAN - CASH MOVEMENT OF OUTGOING ACCOUNT TRANSFER","","","","-$54785.92"
"11/06/2023","Journaled Shares","PLTR","TDA TRAN - TRANSFER OF SECURITY OR OPTION OUT (PLTR)","-10","","",""
"11/06/2023","Journaled Shares","WISH","TDA TRAN - TRANSFER OF SECURITY OR OPTION OUT (WISH)","-192","","",""
"11/06/2023","Journaled Shares","SNOW","TDA TRAN - TRANSFER OF SECURITY OR OPTION OUT (SNOW)","-66","","",""
"11/06/2023","Journaled Shares","ARKG","TDA TRAN - TRANSFER OF SECURITY OR OPTION OUT (ARKG)","-120","","",""
"11/06/2023","Journaled Shares","TTD","TDA TRAN - TRANSFER OF SECURITY OR OPTION OUT (TTD)","-245","","",""
"11/06/2023","Journaled Shares","PDD","TDA TRAN - TRANSFER OF SECURITY OR OPTION OUT (PDD)","-260","","",""
"11/06/2023","Journaled Shares","AFRM","TDA TRAN - TRANSFER OF SECURITY OR OPTION OUT (AFRM)","-520","","",""
"11/06/2023","Journaled Shares","UBER","TDA TRAN - TRANSFER OF SECURITY OR OPTION OUT (UBER)","-350","","",""
"11/06/2023","Internal Transfer","AFRM","AFFIRM HLDGS INC CLASS A","520","","",""
"11/06/2023","Internal Transfer","ARKG","ARK GENOMIC REVOLUTION ETF","120","","",""
"11/06/2023","Internal Transfer","UBER","UBER TECHNOLOGIES INC","350","","",""
"11/06/2023","Internal Transfer","TTD","THE TRADE DESK INC CLASS A","245","","",""
"11/06/2023","Internal Transfer","WISH","CONTEXTLOGIC INC CLASS A","192","","",""
"11/06/2023","Internal Transfer","PLTR","PALANTIR TECHNOLOGIES INCLASS A","10","","",""
"11/06/2023","Internal Transfer","PDD","PDD HOLDINGS INC FUNSPONSORED ADR 1 ADR REPS 4 ORD SHS","260","","",""
"11/06/2023","Internal Transfer","SNOW","SNOWFLAKE INC CLASS A","66","","",""
"11/06/2023","Internal Transfer","","TDA TO CS&CO TRANSFER","","","","$54785.92"
"11/06/2023","Journaled Shares","","TDA TRAN - CASH ALTERNATIVES REDEMPTION (MMDA1) BANK SWEEP WITHDRAWAL","","","","-$44286.45"
"11/03/2023","Bond Interest","","TDA TRAN - OFF-CYCLE INTEREST (MMDA1)","","","","$2.12"
"11/02/2023","Sell","AFRM","TDA TRAN - Sold ...500 (AFRM) @20.9950","500","$20.995","$0.15","$10497.35"
"10/31/2023","Journaled Shares","MMDA1","TDA TRAN - CASH ALTERNATIVES INTEREST (MMDA1)","11.24","","",""
"10/30/2023","Journaled Shares","","TDA TRAN - CASH ALTERNATIVES PURCHASE (MMDA1) BANK SWEEP DEPOSIT","","","","$7597.01"
"10/26/2023","Sell","PLTR","TDA TRAN - Sold ...390 (PLTR) @15.5042","390","$15.5042","$0.11","$6046.53"
"10/26/2023","Sell","PLTR","TDA TRAN - Sold ...100 (PLTR) @15.5050","100","$15.505","$0.02","$1550.48"
"10/03/2023","Journaled Shares","","TDA TRAN - CASH ALTERNATIVES REDEMPTION (MMDA1) BANK SWEEP WITHDRAWAL","","","","-$11060.00"
"09/29/2023","Journaled Shares","MMDA1","TDA TRAN - CASH ALTERNATIVES INTEREST (MMDA1)","10.33","","",""
"09/29/2023","Buy","AFRM","TDA TRAN - Bought ...500 (AFRM) @22.1200","500","$22.12","","-$11060.00"
"09/21/2023","Journaled Shares","","TDA TRAN - CASH ALTERNATIVES PURCHASE (MMDA1) BANK SWEEP DEPOSIT","","","","$11631.98"
"09/19/2023","Sell","AFRM","TDA TRAN - Sold ...459 (AFRM) @23.2642","459","$23.2642","$0.14","$10678.13"
"09/19/2023","Sell","AFRM","TDA TRAN - Sold 41 (AFRM) @23.2650","41","$23.265","$0.02","$953.85"
"09/12/2023","Journaled Shares","","TDA TRAN - CASH ALTERNATIVES PURCHASE (MMDA1) BANK SWEEP DEPOSIT","","","","$10977.34"
"09/08/2023","Sell","AFRM","TDA TRAN - Sold ...500 (AFRM) @21.9550","500","$21.955","$0.16","$10977.34"
"08/31/2023","Journaled Shares","MMDA1","TDA TRAN - CASH ALTERNATIVES INTEREST (MMDA1)","10.19","","",""
"08/31/2023","Journaled Shares","","TDA TRAN - CASH ALTERNATIVES REDEMPTION (MMDA1) BANK SWEEP WITHDRAWAL","","","","-$6188.00"
"08/29/2023","Buy","PLTR","TDA TRAN - Bought ...400 (PLTR) @15.4700","400","$15.47","","-$6188.00"
"08/24/2023","Journaled Shares","","TDA TRAN - CASH ALTERNATIVES REDEMPTION (MMDA1) BANK SWEEP WITHDRAWAL","","","","-$4466.97"
"08/22/2023","Buy","AFRM","TDA TRAN - Bought ...300 (AFRM) @14.8899","300","$14.8899","","-$4466.97"
"08/10/2023","Journaled Shares","","TDA TRAN - CASH ALTERNATIVES REDEMPTION (MMDA1) BANK SWEEP WITHDRAWAL","","","","-$6261.27"
"08/08/2023","Buy","SNOW","TDA TRAN - Bought 40 (SNOW) @156.5318","40","$156.5318","","-$6261.27"
"08/04/2023","Journaled Shares","","TDA TRAN - CASH ALTERNATIVES PURCHASE (MMDA1) BANK SWEEP DEPOSIT","","","","$19501.97"
"08/02/2023","Sell","PDD","TDA TRAN - Sold 50 (PDD) @83.9662","50","$83.9662","$0.04","$4198.27"
"08/02/2023","Sell","SNOW","TDA TRAN - Sold 50 (SNOW) @164.7668","50","$164.7668","$0.08","$8238.26"
"08/02/2023","Sell","AFRM","TDA TRAN - Sold ...400 (AFRM) @17.6639","400","$17.6639","$0.12","$7065.44"
"08/01/2023","Journaled Shares","","TDA TRAN - CASH ALTERNATIVES PURCHASE (MMDA1) BANK SWEEP DEPOSIT","","","","$4594.65"
"07/31/2023","Journaled Shares","MMDA1","TDA TRAN - CASH ALTERNATIVES INTEREST (MMDA1)","5.92","","",""
"07/31/2023","Journaled Shares","","TDA TRAN - CASH ALTERNATIVES PURCHASE (MMDA1) BANK SWEEP DEPOSIT","","","","$81.92"
"07/31/2023","Cash Dividend","","TDA TRAN - ORDINARY DIVIDEND (SPY)","","","","$81.92"
"07/28/2023","Sell","SNOW","TDA TRAN - Sold 75 (SNOW) @174.7150","75","$174.715","$0.11","$13103.52"
"07/28/2023","Buy","SNOW","TDA TRAN - Bought 50 (SNOW) @170.1774","50","$170.1774","","-$8508.87"
"07/28/2023","Journaled Shares","","TDA TRAN - CASH ALTERNATIVES REDEMPTION (MMDA1) BANK SWEEP WITHDRAWAL","","","","-$17388.00"
"07/26/2023","Buy","SNOW","TDA TRAN - Bought ...100 (SNOW) @173.8800","100","$173.88","","-$17388.00"
"07/24/2023","Journaled Shares","","TDA TRAN - CASH ALTERNATIVES PURCHASE (MMDA1) BANK SWEEP DEPOSIT","","","","$23283.20"
"07/20/2023","Sell","SNOW","TDA TRAN - Sold 29 (SNOW) @179.0967","29","$179.0967","$0.05","$5193.75"
"07/20/2023","Sell","SNOW","TDA TRAN - Sold ...101 (SNOW) @179.1050","101","$179.105","$0.16","$18089.45"
"07/17/2023","Journaled Shares","","TDA TRAN - CASH ALTERNATIVES REDEMPTION (MMDA1) BANK SWEEP WITHDRAWAL","","","","-$2098.71"
"07/13/2023","Buy","SNOW","TDA TRAN - Bought 30 (SNOW) @181.9750","30","$181.975","","-$5459.25"
"07/13/2023","Sell","PLTR","TDA TRAN - Sold ...200 (PLTR) @16.8030","200","$16.803","$0.06","$3360.54"
"07/13/2023","Journaled Shares","","TDA TRAN - CASH ALTERNATIVES PURCHASE (MMDA1) BANK SWEEP DEPOSIT","","","","$124.35"
"07/11/2023","Sell","UBER","TDA TRAN - Sold ...100 (UBER) @44.3828","100","$44.3828","$0.05","$4438.23"
"07/11/2023","Buy","SNOW","TDA TRAN - Bought 25 (SNOW) @172.5550","25","$172.555","","-$4313.88"
"07/11/2023","Journaled Shares","","TDA TRAN - CASH ALTERNATIVES REDEMPTION (MMDA1) BANK SWEEP WITHDRAWAL","","","","-$9932.67"
"07/07/2023","Buy","SNOW","TDA TRAN - Bought 25 (SNOW) @173.9900","25","$173.99","","-$4349.75"
"07/07/2023","Buy","AFRM","TDA TRAN - Bought ...400 (AFRM) @13.9573","400","$13.9573","","-$5582.92"
"06/30/2023","Journaled Shares","MMDA1","TDA TRAN - CASH ALTERNATIVES INTEREST (MMDA1)","10.1","","",""
"06/26/2023","Journaled Shares","","TDA TRAN - CASH ALTERNATIVES REDEMPTION (MMDA1) BANK SWEEP WITHDRAWAL","","","","-$8890.00"
"06/23/2023","Journaled Shares","","TDA TRAN - CASH ALTERNATIVES REDEMPTION (MMDA1) BANK SWEEP WITHDRAWAL","","","","-$4560.00"
"06/22/2023","Buy","SNOW","TDA TRAN - Bought 50 (SNOW) @177.8000","50","$177.80","","-$8890.00"
"06/21/2023","Buy","PLTR","TDA TRAN - Bought ...300 (PLTR) @15.2000","300","$15.20","","-$4560.00"
"06/21/2023","Journaled Shares","","TDA TRAN - CASH ALTERNATIVES PURCHASE (MMDA1) BANK SWEEP DEPOSIT","","","","$22070.56"
"06/20/2023","Journaled Shares","","TDA TRAN - CASH ALTERNATIVES REDEMPTION (MMDA1) BANK SWEEP WITHDRAWAL","","","","-$27093.22"
"06/16/2023","Sell","SPY","TDA TRAN - Sold 50 (SPY) @441.4150","50","$441.415","$0.19","$22070.56"
"06/15/2023","Buy","AFRM","TDA TRAN - Bought ...300 (AFRM) @17.1024","300","$17.1024","","-$5130.72"
"06/15/2023","Buy","SPY","TDA TRAN - Bought 50 (SPY) @439.2500","50","$439.25","","-$21962.50"
"06/15/2023","Journaled Shares","","TDA TRAN - CASH ALTERNATIVES REDEMPTION (MMDA1) BANK SWEEP WITHDRAWAL","","","","-$2805.00"
"06/14/2023","Journaled Shares","","TDA TRAN - CASH ALTERNATIVES PURCHASE (MMDA1) BANK SWEEP DEPOSIT","","","","$3311.37"
"06/13/2023","Buy","AFRM","TDA TRAN - Bought ...150 (AFRM) @18.7000","150","$18.70","","-$2805.00"
"06/12/2023","Sell","ARKW","TDA TRAN - Sold 60 (ARKW) @55.1901","60","$55.1901","$0.04","$3311.37"
"06/08/2023","Journaled Shares","","TDA TRAN - CASH ALTERNATIVES PURCHASE (MMDA1) BANK SWEEP DEPOSIT","","","","$10009.04"
"06/06/2023","Buy","PDD","TDA TRAN - Bought 50 (PDD) @72.7250","50","$72.725","","-$3636.25"
"06/06/2023","Sell","SNOW","TDA TRAN - Sold 49 (SNOW) @182.4650","49","$182.465","$0.08","$8940.71"
"06/06/2023","Sell","AFRM","TDA TRAN - Sold ...300 (AFRM) @15.6822","300","$15.6822","$0.08","$4704.58"
"06/05/2023","Journaled Shares","","TDA TRAN - CASH ALTERNATIVES REDEMPTION (MMDA1) BANK SWEEP WITHDRAWAL","","","","-$4491.00"
"06/01/2023","Buy","AFRM","TDA TRAN - Bought ...300 (AFRM) @14.9700","300","$14.97","","-$4491.00"
"05/31/2023","Journaled Shares","MMDA1","TDA TRAN - CASH ALTERNATIVES INTEREST (MMDA1)","10.77","","",""
"04/28/2023","Journaled Shares","MMDA1","TDA TRAN - CASH ALTERNATIVES INTEREST (MMDA1)","0.7","","",""
"04/28/2023","Journaled Shares","MMDA1","TDA TRAN - CASH ALTERNATIVES INTEREST (MMDA1)","6.25","","",""
"04/28/2023","Journaled Shares","MMDA1","TDA TRAN - CASH ALTERNATIVES INTEREST (MMDA1)","3.48","","",""
"04/24/2023","Journaled Shares","WISH","TDA TRAN - MANDATORY - ROUNDING (WISH)","1","","",""
"04/13/2023","Journaled Shares","","TDA TRAN - CASH ALTERNATIVES REDEMPTION (MMDA1) BANK SWEEP WITHDRAWAL","","","","-$38.00"
"04/12/2023","Journaled Shares","WISH","TDA TRAN - MANDATORY REVERSE SPLIT (WISH)","191","","",""
"04/12/2023","Journaled Shares","21077C107","TDA TRAN - MANDATORY REVERSE SPLIT (21077C107)","-5,750","","",""
"04/12/2023","Journaled Shares","","TDA TRAN - MANDATORY REORGANIZATION FEE (21077C107)","","","","-$38.00"
"03/31/2023","Journaled Shares","MMDA1","TDA TRAN - CASH ALTERNATIVES INTEREST (MMDA1)","10.43","","",""
"03/31/2023","Journaled Shares","MMDA1","TDA TRAN - CASH ALTERNATIVES INTEREST (MMDA1)","0.35","","",""
"02/28/2023","Journaled Shares","MMDA1","TDA TRAN - CASH ALTERNATIVES INTEREST (MMDA1)","10.63","","",""
"02/27/2023","Journaled Shares","","TDA TRAN - CASH ALTERNATIVES REDEMPTION (MMDA1) BANK SWEEP WITHDRAWAL","","","","-$716.70"
"02/23/2023","Buy","WISH","TDA TRAN - Bought 1000 (WISH) @0.7167","1,000","$0.7167","","-$716.70"
"02/17/2023","Journaled Shares","","TDA TRAN - CASH ALTERNATIVES REDEMPTION (MMDA1) BANK SWEEP WITHDRAWAL","","","","-$4469.07"
"02/15/2023","Buy","AFRM","TDA TRAN - Bought ...300 (AFRM) @14.8969","300","$14.8969","","-$4469.07"
"02/06/2023","Journaled Shares","","TDA TRAN - CASH ALTERNATIVES REDEMPTION (MMDA1) BANK SWEEP WITHDRAWAL","","","","-$765.80"
"02/02/2023","Buy","WISH","TDA TRAN - Bought 1000 (WISH) @0.7658","1,000","$0.7658","","-$765.80"
"01/31/2023","Journaled Shares","MMDA1","TDA TRAN - CASH ALTERNATIVES INTEREST (MMDA1)","13.51","","",""
"01/25/2023","Journaled Shares","","TDA TRAN - CASH ALTERNATIVES REDEMPTION (MMDA1) BANK SWEEP WITHDRAWAL","","","","-$3737.13"
"01/23/2023","Buy","SNOW","TDA TRAN - Bought 25 (SNOW) @149.4850","25","$149.485","","-$3737.13"
"01/19/2023","Journaled Shares","","TDA TRAN - CASH ALTERNATIVES REDEMPTION (MMDA1) BANK SWEEP WITHDRAWAL","","","","-$663.60"
"01/17/2023","Buy","WISH","TDA TRAN - Bought 1000 (WISH) @0.6636","1,000","$0.6636","","-$663.60"
"01/12/2023","Journaled Shares","","TDA TRAN - CASH ALTERNATIVES REDEMPTION (MMDA1) BANK SWEEP WITHDRAWAL","","","","-$5.20"
"01/11/2023","ADR Mgmt Fee","","TDA TRAN - ADR FEE (PDD)","","","","-$5.20"
"12/30/2022","Journaled Shares","MMDA1","TDA TRAN - CASH ALTERNATIVES INTEREST (MMDA1)","11.86","","",""
"11/30/2022","Journaled Shares","MMDA1","TDA TRAN - CASH ALTERNATIVES INTEREST (MMDA1)","11.48","","",""
"10/31/2022","Journaled Shares","MMDA1","TDA TRAN - CASH ALTERNATIVES INTEREST (MMDA1)","11.86","","",""
"09/30/2022","Journaled Shares","MMDA1","TDA TRAN - CASH ALTERNATIVES INTEREST (MMDA1)","6.18","","",""
"09/21/2022","Journaled Shares","","TDA TRAN - CASH ALTERNATIVES REDEMPTION (MMDA1) BANK SWEEP WITHDRAWAL","","","","-$4607.50"
"09/19/2022","Buy","SNOW","TDA TRAN - Bought 25 (SNOW) @184.3000","25","$184.30","","-$4607.50"
"09/08/2022","Journaled Shares","","TDA TRAN - CASH ALTERNATIVES REDEMPTION (MMDA1) BANK SWEEP WITHDRAWAL","","","","-$2228.99"
"09/06/2022","Buy","AFRM","TDA TRAN - Bought ...100 (AFRM) @22.2899","100","$22.2899","","-$2228.99"
"08/31/2022","Journaled Shares","MMDA1","TDA TRAN - CASH ALTERNATIVES INTEREST (MMDA1)","5.7","","",""
"07/29/2022","Journaled Shares","MMDA1","TDA TRAN - CASH ALTERNATIVES INTEREST (MMDA1)","4.53","","",""
"07/01/2022","Journaled Shares","","TDA TRAN - CASH ALTERNATIVES PURCHASE (MMDA1) BANK SWEEP DEPOSIT","","","","$3526.92"
"06/30/2022","Journaled Shares","MMDA1","TDA TRAN - CASH ALTERNATIVES INTEREST (MMDA1)","1.27","","",""
"06/29/2022","Sell","PYPL","TDA TRAN - Sold 50 (PYPL) @70.5401","50","$70.5401","$0.09","$3526.92"
"05/31/2022","Journaled Shares","MMDA1","TDA TRAN - CASH ALTERNATIVES INTEREST (MMDA1)","0.14","","",""
"05/31/2022","Journaled Shares","MMDA1","TDA TRAN - CASH ALTERNATIVES INTEREST (MMDA1)","0.16","","",""
"05/19/2022","Journaled Shares","","TDA TRAN - CASH ALTERNATIVES REDEMPTION (MMDA1) BANK SWEEP WITHDRAWAL","","","","-$1268.00"
"05/18/2022","Journaled Shares","","TDA TRAN - CASH ALTERNATIVES PURCHASE (MMDA1) BANK SWEEP DEPOSIT","","","","$11275.80"
"05/17/2022","Buy","WISH","TDA TRAN - Bought ...800 (WISH) @1.5850","800","$1.585","","-$1268.00"
"05/17/2022","Journaled Shares","","TDA TRAN - CASH ALTERNATIVES REDEMPTION (MMDA1) BANK SWEEP WITHDRAWAL","","","","-$1539.90"
"05/16/2022","Sell","AAPL","TDA TRAN - Sold 78 (AAPL) @144.5650","78","$144.565","$0.27","$11275.80"
"05/13/2022","Buy","WISH","TDA TRAN - Bought 1000 (WISH) @1.5399","1,000","$1.5399","","-$1539.90"
"05/13/2022","Journaled Shares","","TDA TRAN - CASH ALTERNATIVES PURCHASE (MMDA1) BANK SWEEP DEPOSIT","","","","$10547.94"
"05/12/2022","Journaled Shares","","TDA TRAN - CASH ALTERNATIVES PURCHASE (MMDA1) BANK SWEEP DEPOSIT","","","","$13610.88"
"05/12/2022","Qual Div Reinvest","","TDA TRAN - QUALIFIED DIVIDEND (AAPL)","","","","$57.50"
"05/11/2022","Sell","AAPL","TDA TRAN - Sold 72 (AAPL) @146.5000","72","$146.50","$0.06","$10547.94"
"05/10/2022","Sell","AAPL","TDA TRAN - Sold ...100 (AAPL) @154.4100","100","$154.41","$0.09","$15440.91"
"05/10/2022","Buy","UBER","TDA TRAN - Bought 80 (UBER) @23.5941","80","$23.5941","","-$1887.53"
"04/29/2022","Journaled Shares","MMDA1","TDA TRAN - CASH ALTERNATIVES INTEREST (MMDA1)","0.14","","",""
"03/31/2022","Journaled Shares","MMDA1","TDA TRAN - CASH ALTERNATIVES INTEREST (MMDA1)","0.17","","",""
"03/29/2022","Journaled Shares","","TDA TRAN - CASH ALTERNATIVES REDEMPTION (MMDA1) BANK SWEEP WITHDRAWAL","","","","-$676.10"
"03/25/2022","Buy","UBER","TDA TRAN - Bought 20 (UBER) @33.8050","20","$33.805","","-$676.10"
"03/18/2022","Journaled Shares","","TDA TRAN - CASH ALTERNATIVES REDEMPTION (MMDA1) BANK SWEEP WITHDRAWAL","","","","-$3162.00"
"03/16/2022","Buy","PYPL","TDA TRAN - Bought 30 (PYPL) @105.4000","30","$105.40","","-$3162.00"
"02/28/2022","Journaled Shares","MMDA1","TDA TRAN - CASH ALTERNATIVES INTEREST (MMDA1)","0.2","","",""
"02/28/2022","Journaled Shares","","TDA TRAN - CASH ALTERNATIVES REDEMPTION (MMDA1) BANK SWEEP WITHDRAWAL","","","","-$3878.36"
"02/24/2022","Buy","AFRM","TDA TRAN - Bought ...100 (AFRM) @38.7836","100","$38.7836","","-$3878.36"
"02/10/2022","Journaled Shares","","TDA TRAN - CASH ALTERNATIVES PURCHASE (MMDA1) BANK SWEEP DEPOSIT","","","","$55.00"
"02/10/2022","Qual Div Reinvest","","TDA TRAN - QUALIFIED DIVIDEND (AAPL)","","","","$55.00"
"02/09/2022","Journaled Shares","","TDA TRAN - CASH ALTERNATIVES REDEMPTION (MMDA1) BANK SWEEP WITHDRAWAL","","","","-$3126.00"
"02/07/2022","Buy","AFRM","TDA TRAN - Bought 50 (AFRM) @62.5200","50","$62.52","","-$3126.00"
"01/31/2022","Journaled Shares","MMDA1","TDA TRAN - CASH ALTERNATIVES INTEREST (MMDA1)","0.14","","",""
"01/26/2022","Journaled Shares","","TDA TRAN - CASH ALTERNATIVES PURCHASE (MMDA1) BANK SWEEP DEPOSIT","","","","$14494.62"
"01/24/2022","Sell","XLRE","TDA TRAN - Sold ...315 (XLRE) @46.0150","315","$46.015","$0.11","$14494.62"
